-- Adminer 4.7.5 MySQL dump

SET NAMES utf8;
SET time_zone = '+00:00';
SET foreign_key_checks = 0;
SET sql_mode = 'NO_AUTO_VALUE_ON_ZERO';

SET NAMES utf8mb4;

DROP TABLE IF EXISTS `migrations`;
CREATE TABLE `migrations` (
  `id` int(10) unsigned NOT NULL AUTO_INCREMENT,
  `migration` varchar(191) COLLATE utf8mb4_unicode_ci NOT NULL,
  `batch` int(11) NOT NULL,
  PRIMARY KEY (`id`)
) ENGINE=InnoDB DEFAULT CHARSET=utf8mb4 COLLATE=utf8mb4_unicode_ci;

INSERT INTO `migrations` (`id`, `migration`, `batch`) VALUES
(1,	'2014_10_12_000000_create_users_table',	1),
(2,	'2014_10_12_100000_create_password_resets_table',	1),
(3,	'2019_02_15_175040_create_permission_tables',	1);

DROP TABLE IF EXISTS `model_has_permissions`;
CREATE TABLE `model_has_permissions` (
  `permission_id` int(10) unsigned NOT NULL,
  `model_type` varchar(191) COLLATE utf8mb4_unicode_ci NOT NULL,
  `model_id` bigint(20) unsigned NOT NULL,
  PRIMARY KEY (`permission_id`,`model_id`,`model_type`),
  KEY `model_has_permissions_model_id_model_type_index` (`model_id`,`model_type`),
  CONSTRAINT `model_has_permissions_permission_id_foreign` FOREIGN KEY (`permission_id`) REFERENCES `permissions` (`id`) ON DELETE CASCADE
) ENGINE=InnoDB DEFAULT CHARSET=utf8mb4 COLLATE=utf8mb4_unicode_ci;


DROP TABLE IF EXISTS `model_has_roles`;
CREATE TABLE `model_has_roles` (
  `role_id` int(10) unsigned NOT NULL,
  `model_type` varchar(191) COLLATE utf8mb4_unicode_ci NOT NULL,
  `model_id` bigint(20) unsigned NOT NULL,
  PRIMARY KEY (`role_id`,`model_id`,`model_type`),
  KEY `model_has_roles_model_id_model_type_index` (`model_id`,`model_type`),
  CONSTRAINT `model_has_roles_role_id_foreign` FOREIGN KEY (`role_id`) REFERENCES `roles` (`id`) ON DELETE CASCADE
) ENGINE=InnoDB DEFAULT CHARSET=utf8mb4 COLLATE=utf8mb4_unicode_ci;

INSERT INTO `model_has_roles` (`role_id`, `model_type`, `model_id`) VALUES
(1,	'App\\User',	1),
(3,	'App\\User',	2),
(2,	'App\\User',	3),
(3,	'App\\User',	17),
(2,	'App\\User',	18);

DROP TABLE IF EXISTS `m_banjar`;
CREATE TABLE `m_banjar` (
  `id` int(11) NOT NULL AUTO_INCREMENT,
  `nama_banjar` varchar(100) DEFAULT NULL,
  `created_at` timestamp NULL DEFAULT NULL,
  `updated_at` timestamp NULL DEFAULT NULL,
  PRIMARY KEY (`id`)
) ENGINE=InnoDB DEFAULT CHARSET=utf8mb4;

INSERT INTO `m_banjar` (`id`, `nama_banjar`, `created_at`, `updated_at`) VALUES
(1,	'PADANG',	'2019-10-20 06:40:28',	'2019-10-20 06:45:13'),
(2,	'KELODAN',	'2019-10-20 06:50:30',	'2019-10-20 06:50:30'),
(3,	'TRINADI',	'2019-10-20 06:50:38',	'2019-10-20 06:50:38'),
(4,	'TENGAH',	'2019-10-20 06:50:49',	'2019-10-20 06:50:49'),
(5,	'TEGUAN',	'2019-10-20 06:50:57',	'2019-10-20 06:50:57');

DROP TABLE IF EXISTS `m_dasawisma`;
CREATE TABLE `m_dasawisma` (
  `id` int(11) NOT NULL AUTO_INCREMENT,
  `banjar_id` int(11) DEFAULT NULL,
  `nama_dasawisma` varchar(100) DEFAULT NULL,
  `created_at` timestamp NULL DEFAULT NULL,
  `updated_at` timestamp NULL DEFAULT NULL,
  PRIMARY KEY (`id`),
  KEY `banjar_id` (`banjar_id`),
  CONSTRAINT `m_dasawisma_ibfk_1` FOREIGN KEY (`banjar_id`) REFERENCES `m_banjar` (`id`) ON DELETE CASCADE ON UPDATE NO ACTION
) ENGINE=InnoDB DEFAULT CHARSET=utf8mb4;

INSERT INTO `m_dasawisma` (`id`, `banjar_id`, `nama_dasawisma`, `created_at`, `updated_at`) VALUES
(1,	1,	'Dasawisma 1',	'2019-10-20 07:44:40',	'2019-10-20 07:50:53');

DROP TABLE IF EXISTS `password_resets`;
CREATE TABLE `password_resets` (
  `email` varchar(191) COLLATE utf8mb4_unicode_ci NOT NULL,
  `token` varchar(191) COLLATE utf8mb4_unicode_ci NOT NULL,
  `created_at` timestamp NULL DEFAULT NULL,
  KEY `password_resets_email_index` (`email`)
) ENGINE=InnoDB DEFAULT CHARSET=utf8mb4 COLLATE=utf8mb4_unicode_ci;


DROP TABLE IF EXISTS `permissions`;
CREATE TABLE `permissions` (
  `id` int(10) unsigned NOT NULL AUTO_INCREMENT,
  `name` varchar(191) COLLATE utf8mb4_unicode_ci NOT NULL,
  `display_name` varchar(191) COLLATE utf8mb4_unicode_ci DEFAULT NULL,
  `description` varchar(191) COLLATE utf8mb4_unicode_ci DEFAULT NULL,
  `guard_name` varchar(191) COLLATE utf8mb4_unicode_ci NOT NULL,
  `removable` tinyint(1) NOT NULL DEFAULT '1',
  `created_at` timestamp NULL DEFAULT NULL,
  `updated_at` timestamp NULL DEFAULT NULL,
  PRIMARY KEY (`id`)
) ENGINE=InnoDB DEFAULT CHARSET=utf8mb4 COLLATE=utf8mb4_unicode_ci;

INSERT INTO `permissions` (`id`, `name`, `display_name`, `description`, `guard_name`, `removable`, `created_at`, `updated_at`) VALUES
(1,	'role-list',	'Role List',	'User on this role can make permission to list role',	'web',	0,	'2019-02-15 10:01:10',	'2019-02-17 01:44:14'),
(2,	'role-create',	'Role Create',	'User on this role can make permission to create role',	'web',	0,	'2019-02-15 10:01:10',	'2019-02-17 01:43:57'),
(3,	'role-edit',	'Role Edit',	'User on this role can make permission to edit role',	'web',	0,	'2019-02-15 10:01:10',	'2019-02-17 01:43:31'),
(4,	'role-delete',	'Role Delete',	'User on this role can make permission to delete role',	'web',	0,	'2019-02-15 10:01:10',	'2019-02-17 01:43:07'),
(5,	'permission-create',	'Permission Create',	'User on this role can make permission to create permissions',	'web',	0,	'2019-02-17 01:10:55',	'2019-02-17 01:47:03'),
(6,	'permission-edit',	'Permission Edit',	'User on this role can make permission to edit permissions',	'web',	0,	'2019-02-17 01:45:33',	'2019-02-17 01:47:00'),
(7,	'permission-list',	'Permission List',	'User on this role can make permission to list permissions',	'web',	0,	'2019-02-17 01:46:55',	'2019-02-17 01:46:55'),
(8,	'permission-delete',	'Permission Delete',	'User on this role can make permission to delete permissions',	'web',	0,	'2019-02-17 01:47:46',	'2019-02-17 01:47:46'),
(9,	'user-create',	'User Create',	'User on this role can make permission to create user',	'web',	0,	'2019-02-17 01:58:28',	'2019-02-17 01:58:28'),
(10,	'user-edit',	'User Edit',	'User on this role can make permission to edit user',	'web',	0,	'2019-02-17 01:58:46',	'2019-02-17 01:58:46'),
(11,	'user-list',	'User List',	'User on this role can make permission to list user',	'web',	0,	'2019-02-17 01:59:02',	'2019-08-08 02:37:50'),
(12,	'user-delete',	'User Delete',	'User on this role can make permission to delete user',	'web',	0,	'2019-02-17 01:59:22',	'2019-02-17 01:59:22'),
(14,	'master-data-manage',	'Manage Master Data',	'User on this role can make permission to manage master data',	'web',	1,	'2019-08-10 01:22:31',	'2019-08-10 01:22:31'),
(15,	'registration-manage',	'Manage Registration',	'User on this role can make permission to manage registration',	'web',	1,	'2019-08-10 01:33:01',	'2019-10-21 04:29:16'),
(16,	'laporan-manage',	'Manage Laporan',	'User on this role can make permission to manage laporan',	'web',	1,	'2019-08-10 01:33:41',	'2019-08-10 01:34:01'),
(17,	'verification-manage',	'Manage Verification',	'User on this role can make permission to manage verification',	'web',	1,	'2019-08-12 03:45:53',	'2019-08-12 03:48:08');

DROP TABLE IF EXISTS `roles`;
CREATE TABLE `roles` (
  `id` int(10) unsigned NOT NULL AUTO_INCREMENT,
  `name` varchar(191) COLLATE utf8mb4_unicode_ci NOT NULL,
  `guard_name` varchar(191) COLLATE utf8mb4_unicode_ci NOT NULL,
  `removable` tinyint(1) NOT NULL DEFAULT '1',
  `created_at` timestamp NULL DEFAULT NULL,
  `updated_at` timestamp NULL DEFAULT NULL,
  PRIMARY KEY (`id`)
) ENGINE=InnoDB DEFAULT CHARSET=utf8mb4 COLLATE=utf8mb4_unicode_ci;

INSERT INTO `roles` (`id`, `name`, `guard_name`, `removable`, `created_at`, `updated_at`) VALUES
(1,	'Admin',	'web',	0,	'2019-02-15 11:27:43',	'2019-02-15 11:27:43'),
(2,	'User',	'web',	0,	'2019-02-15 11:27:43',	'2019-02-15 11:27:43'),
(3,	'Operator',	'web',	1,	'2019-08-09 03:06:01',	'2019-08-09 03:06:01');

DROP TABLE IF EXISTS `role_has_permissions`;
CREATE TABLE `role_has_permissions` (
  `permission_id` int(10) unsigned NOT NULL,
  `role_id` int(10) unsigned NOT NULL,
  PRIMARY KEY (`permission_id`,`role_id`),
  KEY `role_has_permissions_role_id_foreign` (`role_id`),
  CONSTRAINT `role_has_permissions_permission_id_foreign` FOREIGN KEY (`permission_id`) REFERENCES `permissions` (`id`) ON DELETE CASCADE,
  CONSTRAINT `role_has_permissions_role_id_foreign` FOREIGN KEY (`role_id`) REFERENCES `roles` (`id`) ON DELETE CASCADE
) ENGINE=InnoDB DEFAULT CHARSET=utf8mb4 COLLATE=utf8mb4_unicode_ci;

INSERT INTO `role_has_permissions` (`permission_id`, `role_id`) VALUES
(1,	1),
(2,	1),
(3,	1),
(4,	1),
(5,	1),
(6,	1),
(7,	1),
(8,	1),
(9,	1),
(10,	1),
(11,	1),
(12,	1),
(15,	2),
(16,	2),
(9,	3),
(10,	3),
(11,	3),
(14,	3),
(15,	3),
(16,	3),
(17,	3);

DROP TABLE IF EXISTS `t_bayi_balita`;
CREATE TABLE `t_bayi_balita` (
  `id` int(11) NOT NULL AUTO_INCREMENT,
  `dasawisma_id` int(11) DEFAULT NULL,
  `tgl_entry` date DEFAULT NULL,
  `nik` varchar(50) DEFAULT NULL,
  `nama_bayi` varchar(50) DEFAULT NULL,
  `nama_ibu` varchar(50) DEFAULT NULL,
  `nama_ayah` varchar(50) DEFAULT NULL,
  `tgl_lahir_bayi` date DEFAULT NULL,
  `jenis_kelamin_bayi` enum('L','P') DEFAULT NULL,
  `berat_lahir_bayi` varchar(10) DEFAULT NULL,
  `panjang_lahir_bayi` varchar(10) DEFAULT NULL,
  `created_at` timestamp NULL DEFAULT CURRENT_TIMESTAMP,
  `updated_at` timestamp NULL DEFAULT CURRENT_TIMESTAMP ON UPDATE CURRENT_TIMESTAMP,
  PRIMARY KEY (`id`)
) ENGINE=InnoDB DEFAULT CHARSET=utf8mb4;

INSERT INTO `t_bayi_balita` (`id`, `dasawisma_id`, `tgl_entry`, `nik`, `nama_bayi`, `nama_ibu`, `nama_ayah`, `tgl_lahir_bayi`, `jenis_kelamin_bayi`, `berat_lahir_bayi`, `panjang_lahir_bayi`, `created_at`, `updated_at`) VALUES
(1,	1,	'2019-10-01',	'3674041711860001',	'Empty Data',	'String',	'Array',	'2019-11-01',	'L',	'3.4',	'48',	'2019-10-28 23:19:25',	'2019-10-28 23:19:25'),
(2,	1,	'2019-09-30',	'3674041711860002',	'Putu Arsyanendra Danantya Reyswara',	'Ni Wayan Tiana Pertiwi',	'Putu Gede Chandrayana Putra',	'2019-06-22',	'L',	'3.5',	'50',	'2019-10-28 23:32:35',	'2019-10-28 23:32:35'),
(3,	1,	'2019-10-03',	'3674041711860004',	'asd',	'sad',	'cruy',	'2019-10-02',	'L',	'3',	'45',	'2019-10-31 03:24:44',	'2019-10-31 03:24:44'),
(4,	1,	'2019-12-11',	'3674041711860003',	'John Wick',	'Mother Wick',	'Dad Wick',	'2019-12-11',	'L',	'4',	'50',	'2019-12-12 15:52:40',	'2019-12-12 15:52:40');

DROP TABLE IF EXISTS `t_bayi_balita_polidata`;
CREATE TABLE `t_bayi_balita_polidata` (
  `id` int(11) NOT NULL AUTO_INCREMENT,
  `bayi_id` int(11) DEFAULT NULL,
  `jadwal` date DEFAULT NULL,
  `berat` varchar(10) DEFAULT NULL,
  `panjang` varchar(10) DEFAULT NULL,
  `asi` tinyint(1) DEFAULT '0',
  `vitamin_a1` tinyint(1) DEFAULT '0',
  `vitamin_a2` tinyint(1) DEFAULT '0',
  `oralit` tinyint(1) DEFAULT '0',
  `imun_hbo` tinyint(1) DEFAULT '0',
  `imun_bcg` tinyint(1) DEFAULT '0',
  `imun_dpthb1` tinyint(1) DEFAULT '0',
  `imun_dpthb2` tinyint(1) DEFAULT '0',
  `imun_dpthb3` tinyint(1) DEFAULT '0',
  `imun_polio1` tinyint(1) DEFAULT '0',
  `imun_polio2` tinyint(1) DEFAULT '0',
  `imun_polio3` tinyint(1) DEFAULT '0',
  `imun_polio4` tinyint(1) DEFAULT '0',
  `imun_campak` tinyint(1) DEFAULT '0',
  `is_set` tinyint(1) DEFAULT '0',
  `created_at` date DEFAULT NULL,
  `updated_at` date DEFAULT NULL,
  PRIMARY KEY (`id`),
  KEY `bayi_id` (`bayi_id`),
  CONSTRAINT `t_bayi_balita_polidata_ibfk_1` FOREIGN KEY (`bayi_id`) REFERENCES `t_bayi_balita` (`id`) ON DELETE CASCADE
) ENGINE=InnoDB DEFAULT CHARSET=utf8mb4;

INSERT INTO `t_bayi_balita_polidata` (`id`, `bayi_id`, `jadwal`, `berat`, `panjang`, `asi`, `vitamin_a1`, `vitamin_a2`, `oralit`, `imun_hbo`, `imun_bcg`, `imun_dpthb1`, `imun_dpthb2`, `imun_dpthb3`, `imun_polio1`, `imun_polio2`, `imun_polio3`, `imun_polio4`, `imun_campak`, `is_set`, `created_at`, `updated_at`) VALUES
(1,	1,	'2019-12-01',	'3.5',	'45',	0,	0,	0,	0,	0,	0,	0,	0,	0,	0,	0,	0,	0,	0,	1,	'2019-10-29',	'2019-10-30'),
(2,	1,	'2020-01-01',	NULL,	NULL,	0,	0,	0,	0,	0,	0,	0,	0,	0,	0,	0,	0,	0,	0,	0,	'2019-10-29',	'2019-10-29'),
(3,	1,	'2020-02-01',	NULL,	NULL,	0,	0,	0,	0,	0,	0,	0,	0,	0,	0,	0,	0,	0,	0,	0,	'2019-10-29',	'2019-10-29'),
(4,	1,	'2020-03-01',	NULL,	NULL,	0,	0,	0,	0,	0,	0,	0,	0,	0,	0,	0,	0,	0,	0,	0,	'2019-10-29',	'2019-10-29'),
(5,	1,	'2020-04-01',	NULL,	NULL,	0,	0,	0,	0,	0,	0,	0,	0,	0,	0,	0,	0,	0,	0,	0,	'2019-10-29',	'2019-10-29'),
(6,	1,	'2020-05-01',	NULL,	NULL,	0,	0,	0,	0,	0,	0,	0,	0,	0,	0,	0,	0,	0,	0,	0,	'2019-10-29',	'2019-10-29'),
(7,	1,	'2020-06-01',	NULL,	NULL,	0,	0,	0,	0,	0,	0,	0,	0,	0,	0,	0,	0,	0,	0,	0,	'2019-10-29',	'2019-10-29'),
(8,	1,	'2020-07-01',	NULL,	NULL,	0,	0,	0,	0,	0,	0,	0,	0,	0,	0,	0,	0,	0,	0,	0,	'2019-10-29',	'2019-10-29'),
(9,	1,	'2020-08-01',	NULL,	NULL,	0,	0,	0,	0,	0,	0,	0,	0,	0,	0,	0,	0,	0,	0,	0,	'2019-10-29',	'2019-10-29'),
(10,	1,	'2020-09-01',	NULL,	NULL,	0,	0,	0,	0,	0,	0,	0,	0,	0,	0,	0,	0,	0,	0,	0,	'2019-10-29',	'2019-10-29'),
(11,	1,	'2020-10-01',	NULL,	NULL,	0,	0,	0,	0,	0,	0,	0,	0,	0,	0,	0,	0,	0,	0,	0,	'2019-10-29',	'2019-10-29'),
(12,	1,	'2020-11-01',	NULL,	NULL,	0,	0,	0,	0,	0,	0,	0,	0,	0,	0,	0,	0,	0,	0,	0,	'2019-10-29',	'2019-10-29'),
(13,	1,	'2020-12-01',	NULL,	NULL,	0,	0,	0,	0,	0,	0,	0,	0,	0,	0,	0,	0,	0,	0,	0,	'2019-10-29',	'2019-10-29'),
(14,	1,	'2021-01-01',	NULL,	NULL,	0,	0,	0,	0,	0,	0,	0,	0,	0,	0,	0,	0,	0,	0,	0,	'2019-10-29',	'2019-10-29'),
(15,	1,	'2021-02-01',	NULL,	NULL,	0,	0,	0,	0,	0,	0,	0,	0,	0,	0,	0,	0,	0,	0,	0,	'2019-10-29',	'2019-10-29'),
(16,	1,	'2021-03-01',	NULL,	NULL,	0,	0,	0,	0,	0,	0,	0,	0,	0,	0,	0,	0,	0,	0,	0,	'2019-10-29',	'2019-10-29'),
(17,	1,	'2021-04-01',	NULL,	NULL,	0,	0,	0,	0,	0,	0,	0,	0,	0,	0,	0,	0,	0,	0,	0,	'2019-10-29',	'2019-10-29'),
(18,	1,	'2021-05-01',	NULL,	NULL,	0,	0,	0,	0,	0,	0,	0,	0,	0,	0,	0,	0,	0,	0,	0,	'2019-10-29',	'2019-10-29'),
(19,	1,	'2021-06-01',	NULL,	NULL,	0,	0,	0,	0,	0,	0,	0,	0,	0,	0,	0,	0,	0,	0,	0,	'2019-10-29',	'2019-10-29'),
(20,	1,	'2021-07-01',	NULL,	NULL,	0,	0,	0,	0,	0,	0,	0,	0,	0,	0,	0,	0,	0,	0,	0,	'2019-10-29',	'2019-10-29'),
(21,	1,	'2021-08-01',	NULL,	NULL,	0,	0,	0,	0,	0,	0,	0,	0,	0,	0,	0,	0,	0,	0,	0,	'2019-10-29',	'2019-10-29'),
(22,	1,	'2021-09-01',	NULL,	NULL,	0,	0,	0,	0,	0,	0,	0,	0,	0,	0,	0,	0,	0,	0,	0,	'2019-10-29',	'2019-10-29'),
(23,	1,	'2021-10-01',	NULL,	NULL,	0,	0,	0,	0,	0,	0,	0,	0,	0,	0,	0,	0,	0,	0,	0,	'2019-10-29',	'2019-10-29'),
(24,	1,	'2021-11-01',	NULL,	NULL,	0,	0,	0,	0,	0,	0,	0,	0,	0,	0,	0,	0,	0,	0,	0,	'2019-10-29',	'2019-10-29'),
(25,	1,	'2021-12-01',	NULL,	NULL,	0,	0,	0,	0,	0,	0,	0,	0,	0,	0,	0,	0,	0,	0,	0,	'2019-10-29',	'2019-10-29'),
(26,	1,	'2022-01-01',	NULL,	NULL,	0,	0,	0,	0,	0,	0,	0,	0,	0,	0,	0,	0,	0,	0,	0,	'2019-10-29',	'2019-10-29'),
(27,	1,	'2022-02-01',	NULL,	NULL,	0,	0,	0,	0,	0,	0,	0,	0,	0,	0,	0,	0,	0,	0,	0,	'2019-10-29',	'2019-10-29'),
(28,	1,	'2022-03-01',	NULL,	NULL,	0,	0,	0,	0,	0,	0,	0,	0,	0,	0,	0,	0,	0,	0,	0,	'2019-10-29',	'2019-10-29'),
(29,	1,	'2022-04-01',	NULL,	NULL,	0,	0,	0,	0,	0,	0,	0,	0,	0,	0,	0,	0,	0,	0,	0,	'2019-10-29',	'2019-10-29'),
(30,	1,	'2022-05-01',	NULL,	NULL,	0,	0,	0,	0,	0,	0,	0,	0,	0,	0,	0,	0,	0,	0,	0,	'2019-10-29',	'2019-10-29'),
(31,	1,	'2022-06-01',	NULL,	NULL,	0,	0,	0,	0,	0,	0,	0,	0,	0,	0,	0,	0,	0,	0,	0,	'2019-10-29',	'2019-10-29'),
(32,	1,	'2022-07-01',	NULL,	NULL,	0,	0,	0,	0,	0,	0,	0,	0,	0,	0,	0,	0,	0,	0,	0,	'2019-10-29',	'2019-10-29'),
(33,	1,	'2022-08-01',	NULL,	NULL,	0,	0,	0,	0,	0,	0,	0,	0,	0,	0,	0,	0,	0,	0,	0,	'2019-10-29',	'2019-10-29'),
(34,	1,	'2022-09-01',	NULL,	NULL,	0,	0,	0,	0,	0,	0,	0,	0,	0,	0,	0,	0,	0,	0,	0,	'2019-10-29',	'2019-10-29'),
(35,	1,	'2022-10-01',	NULL,	NULL,	0,	0,	0,	0,	0,	0,	0,	0,	0,	0,	0,	0,	0,	0,	0,	'2019-10-29',	'2019-10-29'),
(36,	1,	'2022-11-01',	NULL,	NULL,	0,	0,	0,	0,	0,	0,	0,	0,	0,	0,	0,	0,	0,	0,	0,	'2019-10-29',	'2019-10-29'),
(37,	1,	'2022-12-01',	NULL,	NULL,	0,	0,	0,	0,	0,	0,	0,	0,	0,	0,	0,	0,	0,	0,	0,	'2019-10-29',	'2019-10-29'),
(38,	1,	'2023-01-01',	NULL,	NULL,	0,	0,	0,	0,	0,	0,	0,	0,	0,	0,	0,	0,	0,	0,	0,	'2019-10-29',	'2019-10-29'),
(39,	1,	'2023-02-01',	NULL,	NULL,	0,	0,	0,	0,	0,	0,	0,	0,	0,	0,	0,	0,	0,	0,	0,	'2019-10-29',	'2019-10-29'),
(40,	1,	'2023-03-01',	NULL,	NULL,	0,	0,	0,	0,	0,	0,	0,	0,	0,	0,	0,	0,	0,	0,	0,	'2019-10-29',	'2019-10-29'),
(41,	1,	'2023-04-01',	NULL,	NULL,	0,	0,	0,	0,	0,	0,	0,	0,	0,	0,	0,	0,	0,	0,	0,	'2019-10-29',	'2019-10-29'),
(42,	1,	'2023-05-01',	NULL,	NULL,	0,	0,	0,	0,	0,	0,	0,	0,	0,	0,	0,	0,	0,	0,	0,	'2019-10-29',	'2019-10-29'),
(43,	1,	'2023-06-01',	NULL,	NULL,	0,	0,	0,	0,	0,	0,	0,	0,	0,	0,	0,	0,	0,	0,	0,	'2019-10-29',	'2019-10-29'),
(44,	1,	'2023-07-01',	NULL,	NULL,	0,	0,	0,	0,	0,	0,	0,	0,	0,	0,	0,	0,	0,	0,	0,	'2019-10-29',	'2019-10-29'),
(45,	1,	'2023-08-01',	NULL,	NULL,	0,	0,	0,	0,	0,	0,	0,	0,	0,	0,	0,	0,	0,	0,	0,	'2019-10-29',	'2019-10-29'),
(46,	1,	'2023-09-01',	NULL,	NULL,	0,	0,	0,	0,	0,	0,	0,	0,	0,	0,	0,	0,	0,	0,	0,	'2019-10-29',	'2019-10-29'),
(47,	1,	'2023-10-01',	NULL,	NULL,	0,	0,	0,	0,	0,	0,	0,	0,	0,	0,	0,	0,	0,	0,	0,	'2019-10-29',	'2019-10-29'),
(48,	1,	'2023-11-01',	NULL,	NULL,	0,	0,	0,	0,	0,	0,	0,	0,	0,	0,	0,	0,	0,	0,	0,	'2019-10-29',	'2019-10-29'),
(49,	1,	'2023-12-01',	NULL,	NULL,	0,	0,	0,	0,	0,	0,	0,	0,	0,	0,	0,	0,	0,	0,	0,	'2019-10-29',	'2019-10-29'),
(50,	1,	'2024-01-01',	NULL,	NULL,	0,	0,	0,	0,	0,	0,	0,	0,	0,	0,	0,	0,	0,	0,	0,	'2019-10-29',	'2019-10-29'),
(51,	1,	'2024-02-01',	NULL,	NULL,	0,	0,	0,	0,	0,	0,	0,	0,	0,	0,	0,	0,	0,	0,	0,	'2019-10-29',	'2019-10-29'),
(52,	1,	'2024-03-01',	NULL,	NULL,	0,	0,	0,	0,	0,	0,	0,	0,	0,	0,	0,	0,	0,	0,	0,	'2019-10-29',	'2019-10-29'),
(53,	1,	'2024-04-01',	NULL,	NULL,	0,	0,	0,	0,	0,	0,	0,	0,	0,	0,	0,	0,	0,	0,	0,	'2019-10-29',	'2019-10-29'),
(54,	1,	'2024-05-01',	NULL,	NULL,	0,	0,	0,	0,	0,	0,	0,	0,	0,	0,	0,	0,	0,	0,	0,	'2019-10-29',	'2019-10-29'),
(55,	1,	'2024-06-01',	NULL,	NULL,	0,	0,	0,	0,	0,	0,	0,	0,	0,	0,	0,	0,	0,	0,	0,	'2019-10-29',	'2019-10-29'),
(56,	1,	'2024-07-01',	NULL,	NULL,	0,	0,	0,	0,	0,	0,	0,	0,	0,	0,	0,	0,	0,	0,	0,	'2019-10-29',	'2019-10-29'),
(57,	1,	'2024-08-01',	NULL,	NULL,	0,	0,	0,	0,	0,	0,	0,	0,	0,	0,	0,	0,	0,	0,	0,	'2019-10-29',	'2019-10-29'),
(58,	1,	'2024-09-01',	NULL,	NULL,	0,	0,	0,	0,	0,	0,	0,	0,	0,	0,	0,	0,	0,	0,	0,	'2019-10-29',	'2019-10-29'),
(59,	1,	'2024-10-01',	NULL,	NULL,	0,	0,	0,	0,	0,	0,	0,	0,	0,	0,	0,	0,	0,	0,	0,	'2019-10-29',	'2019-10-29'),
(60,	1,	'2024-11-01',	NULL,	NULL,	0,	0,	0,	0,	0,	0,	0,	0,	0,	0,	0,	0,	0,	0,	0,	'2019-10-29',	'2019-10-29'),
(61,	2,	'2019-07-22',	'3.7',	'51',	1,	1,	0,	0,	0,	0,	0,	0,	0,	0,	0,	0,	0,	0,	1,	'2019-10-29',	'2019-10-30'),
(62,	2,	'2019-08-22',	'4.2',	'57',	1,	0,	1,	0,	0,	0,	0,	0,	0,	1,	0,	0,	0,	0,	1,	'2019-10-29',	'2019-10-29'),
(63,	2,	'2019-09-22',	NULL,	NULL,	0,	0,	0,	0,	0,	0,	0,	0,	0,	0,	0,	0,	0,	0,	0,	'2019-10-29',	'2019-10-29'),
(64,	2,	'2019-10-22',	NULL,	NULL,	0,	0,	0,	0,	0,	0,	0,	0,	0,	0,	0,	0,	0,	0,	0,	'2019-10-29',	'2019-10-29'),
(65,	2,	'2019-11-22',	NULL,	NULL,	0,	0,	0,	0,	0,	0,	0,	0,	0,	0,	0,	0,	0,	0,	0,	'2019-10-29',	'2019-10-29'),
(66,	2,	'2019-12-22',	NULL,	NULL,	0,	0,	0,	0,	0,	0,	0,	0,	0,	0,	0,	0,	0,	0,	0,	'2019-10-29',	'2019-10-29'),
(67,	2,	'2020-01-22',	NULL,	NULL,	0,	0,	0,	0,	0,	0,	0,	0,	0,	0,	0,	0,	0,	0,	0,	'2019-10-29',	'2019-10-29'),
(68,	2,	'2020-02-22',	NULL,	NULL,	0,	0,	0,	0,	0,	0,	0,	0,	0,	0,	0,	0,	0,	0,	0,	'2019-10-29',	'2019-10-29'),
(69,	2,	'2020-03-22',	NULL,	NULL,	0,	0,	0,	0,	0,	0,	0,	0,	0,	0,	0,	0,	0,	0,	0,	'2019-10-29',	'2019-10-29'),
(70,	2,	'2020-04-22',	NULL,	NULL,	0,	0,	0,	0,	0,	0,	0,	0,	0,	0,	0,	0,	0,	0,	0,	'2019-10-29',	'2019-10-29'),
(71,	2,	'2020-05-22',	NULL,	NULL,	0,	0,	0,	0,	0,	0,	0,	0,	0,	0,	0,	0,	0,	0,	0,	'2019-10-29',	'2019-10-29'),
(72,	2,	'2020-06-22',	NULL,	NULL,	0,	0,	0,	0,	0,	0,	0,	0,	0,	0,	0,	0,	0,	0,	0,	'2019-10-29',	'2019-10-29'),
(73,	2,	'2020-07-22',	NULL,	NULL,	0,	0,	0,	0,	0,	0,	0,	0,	0,	0,	0,	0,	0,	0,	0,	'2019-10-29',	'2019-10-29'),
(74,	2,	'2020-08-22',	NULL,	NULL,	0,	0,	0,	0,	0,	0,	0,	0,	0,	0,	0,	0,	0,	0,	0,	'2019-10-29',	'2019-10-29'),
(75,	2,	'2020-09-22',	NULL,	NULL,	0,	0,	0,	0,	0,	0,	0,	0,	0,	0,	0,	0,	0,	0,	0,	'2019-10-29',	'2019-10-29'),
(76,	2,	'2020-10-22',	NULL,	NULL,	0,	0,	0,	0,	0,	0,	0,	0,	0,	0,	0,	0,	0,	0,	0,	'2019-10-29',	'2019-10-29'),
(77,	2,	'2020-11-22',	NULL,	NULL,	0,	0,	0,	0,	0,	0,	0,	0,	0,	0,	0,	0,	0,	0,	0,	'2019-10-29',	'2019-10-29'),
(78,	2,	'2020-12-22',	NULL,	NULL,	0,	0,	0,	0,	0,	0,	0,	0,	0,	0,	0,	0,	0,	0,	0,	'2019-10-29',	'2019-10-29'),
(79,	2,	'2021-01-22',	NULL,	NULL,	0,	0,	0,	0,	0,	0,	0,	0,	0,	0,	0,	0,	0,	0,	0,	'2019-10-29',	'2019-10-29'),
(80,	2,	'2021-02-22',	NULL,	NULL,	0,	0,	0,	0,	0,	0,	0,	0,	0,	0,	0,	0,	0,	0,	0,	'2019-10-29',	'2019-10-29'),
(81,	2,	'2021-03-22',	NULL,	NULL,	0,	0,	0,	0,	0,	0,	0,	0,	0,	0,	0,	0,	0,	0,	0,	'2019-10-29',	'2019-10-29'),
(82,	2,	'2021-04-22',	NULL,	NULL,	0,	0,	0,	0,	0,	0,	0,	0,	0,	0,	0,	0,	0,	0,	0,	'2019-10-29',	'2019-10-29'),
(83,	2,	'2021-05-22',	NULL,	NULL,	0,	0,	0,	0,	0,	0,	0,	0,	0,	0,	0,	0,	0,	0,	0,	'2019-10-29',	'2019-10-29'),
(84,	2,	'2021-06-22',	NULL,	NULL,	0,	0,	0,	0,	0,	0,	0,	0,	0,	0,	0,	0,	0,	0,	0,	'2019-10-29',	'2019-10-29'),
(85,	2,	'2021-07-22',	NULL,	NULL,	0,	0,	0,	0,	0,	0,	0,	0,	0,	0,	0,	0,	0,	0,	0,	'2019-10-29',	'2019-10-29'),
(86,	2,	'2021-08-22',	NULL,	NULL,	0,	0,	0,	0,	0,	0,	0,	0,	0,	0,	0,	0,	0,	0,	0,	'2019-10-29',	'2019-10-29'),
(87,	2,	'2021-09-22',	NULL,	NULL,	0,	0,	0,	0,	0,	0,	0,	0,	0,	0,	0,	0,	0,	0,	0,	'2019-10-29',	'2019-10-29'),
(88,	2,	'2021-10-22',	NULL,	NULL,	0,	0,	0,	0,	0,	0,	0,	0,	0,	0,	0,	0,	0,	0,	0,	'2019-10-29',	'2019-10-29'),
(89,	2,	'2021-11-22',	NULL,	NULL,	0,	0,	0,	0,	0,	0,	0,	0,	0,	0,	0,	0,	0,	0,	0,	'2019-10-29',	'2019-10-29'),
(90,	2,	'2021-12-22',	NULL,	NULL,	0,	0,	0,	0,	0,	0,	0,	0,	0,	0,	0,	0,	0,	0,	0,	'2019-10-29',	'2019-10-29'),
(91,	2,	'2022-01-22',	NULL,	NULL,	0,	0,	0,	0,	0,	0,	0,	0,	0,	0,	0,	0,	0,	0,	0,	'2019-10-29',	'2019-10-29'),
(92,	2,	'2022-02-22',	NULL,	NULL,	0,	0,	0,	0,	0,	0,	0,	0,	0,	0,	0,	0,	0,	0,	0,	'2019-10-29',	'2019-10-29'),
(93,	2,	'2022-03-22',	NULL,	NULL,	0,	0,	0,	0,	0,	0,	0,	0,	0,	0,	0,	0,	0,	0,	0,	'2019-10-29',	'2019-10-29'),
(94,	2,	'2022-04-22',	NULL,	NULL,	0,	0,	0,	0,	0,	0,	0,	0,	0,	0,	0,	0,	0,	0,	0,	'2019-10-29',	'2019-10-29'),
(95,	2,	'2022-05-22',	NULL,	NULL,	0,	0,	0,	0,	0,	0,	0,	0,	0,	0,	0,	0,	0,	0,	0,	'2019-10-29',	'2019-10-29'),
(96,	2,	'2022-06-22',	NULL,	NULL,	0,	0,	0,	0,	0,	0,	0,	0,	0,	0,	0,	0,	0,	0,	0,	'2019-10-29',	'2019-10-29'),
(97,	2,	'2022-07-22',	NULL,	NULL,	0,	0,	0,	0,	0,	0,	0,	0,	0,	0,	0,	0,	0,	0,	0,	'2019-10-29',	'2019-10-29'),
(98,	2,	'2022-08-22',	NULL,	NULL,	0,	0,	0,	0,	0,	0,	0,	0,	0,	0,	0,	0,	0,	0,	0,	'2019-10-29',	'2019-10-29'),
(99,	2,	'2022-09-22',	NULL,	NULL,	0,	0,	0,	0,	0,	0,	0,	0,	0,	0,	0,	0,	0,	0,	0,	'2019-10-29',	'2019-10-29'),
(100,	2,	'2022-10-22',	NULL,	NULL,	0,	0,	0,	0,	0,	0,	0,	0,	0,	0,	0,	0,	0,	0,	0,	'2019-10-29',	'2019-10-29'),
(101,	2,	'2022-11-22',	NULL,	NULL,	0,	0,	0,	0,	0,	0,	0,	0,	0,	0,	0,	0,	0,	0,	0,	'2019-10-29',	'2019-10-29'),
(102,	2,	'2022-12-22',	NULL,	NULL,	0,	0,	0,	0,	0,	0,	0,	0,	0,	0,	0,	0,	0,	0,	0,	'2019-10-29',	'2019-10-29'),
(103,	2,	'2023-01-22',	NULL,	NULL,	0,	0,	0,	0,	0,	0,	0,	0,	0,	0,	0,	0,	0,	0,	0,	'2019-10-29',	'2019-10-29'),
(104,	2,	'2023-02-22',	NULL,	NULL,	0,	0,	0,	0,	0,	0,	0,	0,	0,	0,	0,	0,	0,	0,	0,	'2019-10-29',	'2019-10-29'),
(105,	2,	'2023-03-22',	NULL,	NULL,	0,	0,	0,	0,	0,	0,	0,	0,	0,	0,	0,	0,	0,	0,	0,	'2019-10-29',	'2019-10-29'),
(106,	2,	'2023-04-22',	NULL,	NULL,	0,	0,	0,	0,	0,	0,	0,	0,	0,	0,	0,	0,	0,	0,	0,	'2019-10-29',	'2019-10-29'),
(107,	2,	'2023-05-22',	NULL,	NULL,	0,	0,	0,	0,	0,	0,	0,	0,	0,	0,	0,	0,	0,	0,	0,	'2019-10-29',	'2019-10-29'),
(108,	2,	'2023-06-22',	NULL,	NULL,	0,	0,	0,	0,	0,	0,	0,	0,	0,	0,	0,	0,	0,	0,	0,	'2019-10-29',	'2019-10-29'),
(109,	2,	'2023-07-22',	NULL,	NULL,	0,	0,	0,	0,	0,	0,	0,	0,	0,	0,	0,	0,	0,	0,	0,	'2019-10-29',	'2019-10-29'),
(110,	2,	'2023-08-22',	NULL,	NULL,	0,	0,	0,	0,	0,	0,	0,	0,	0,	0,	0,	0,	0,	0,	0,	'2019-10-29',	'2019-10-29'),
(111,	2,	'2023-09-22',	NULL,	NULL,	0,	0,	0,	0,	0,	0,	0,	0,	0,	0,	0,	0,	0,	0,	0,	'2019-10-29',	'2019-10-29'),
(112,	2,	'2023-10-22',	NULL,	NULL,	0,	0,	0,	0,	0,	0,	0,	0,	0,	0,	0,	0,	0,	0,	0,	'2019-10-29',	'2019-10-29'),
(113,	2,	'2023-11-22',	NULL,	NULL,	0,	0,	0,	0,	0,	0,	0,	0,	0,	0,	0,	0,	0,	0,	0,	'2019-10-29',	'2019-10-29'),
(114,	2,	'2023-12-22',	NULL,	NULL,	0,	0,	0,	0,	0,	0,	0,	0,	0,	0,	0,	0,	0,	0,	0,	'2019-10-29',	'2019-10-29'),
(115,	2,	'2024-01-22',	NULL,	NULL,	0,	0,	0,	0,	0,	0,	0,	0,	0,	0,	0,	0,	0,	0,	0,	'2019-10-29',	'2019-10-29'),
(116,	2,	'2024-02-22',	NULL,	NULL,	0,	0,	0,	0,	0,	0,	0,	0,	0,	0,	0,	0,	0,	0,	0,	'2019-10-29',	'2019-10-29'),
(117,	2,	'2024-03-22',	NULL,	NULL,	0,	0,	0,	0,	0,	0,	0,	0,	0,	0,	0,	0,	0,	0,	0,	'2019-10-29',	'2019-10-29'),
(118,	2,	'2024-04-22',	NULL,	NULL,	0,	0,	0,	0,	0,	0,	0,	0,	0,	0,	0,	0,	0,	0,	0,	'2019-10-29',	'2019-10-29'),
(119,	2,	'2024-05-22',	NULL,	NULL,	0,	0,	0,	0,	0,	0,	0,	0,	0,	0,	0,	0,	0,	0,	0,	'2019-10-29',	'2019-10-29'),
(120,	2,	'2024-06-22',	NULL,	NULL,	0,	0,	0,	0,	0,	0,	0,	0,	0,	0,	0,	0,	0,	0,	0,	'2019-10-29',	'2019-10-29'),
(121,	3,	'2019-11-02',	'3',	'45',	0,	0,	0,	0,	0,	0,	0,	0,	0,	0,	0,	0,	0,	0,	1,	'2019-10-31',	'2019-10-31'),
(122,	3,	'2019-12-02',	NULL,	NULL,	0,	0,	0,	0,	0,	0,	0,	0,	0,	0,	0,	0,	0,	0,	0,	'2019-10-31',	'2019-10-31'),
(123,	3,	'2020-01-02',	NULL,	NULL,	0,	0,	0,	0,	0,	0,	0,	0,	0,	0,	0,	0,	0,	0,	0,	'2019-10-31',	'2019-10-31'),
(124,	3,	'2020-02-02',	NULL,	NULL,	0,	0,	0,	0,	0,	0,	0,	0,	0,	0,	0,	0,	0,	0,	0,	'2019-10-31',	'2019-10-31'),
(125,	3,	'2020-03-02',	NULL,	NULL,	0,	0,	0,	0,	0,	0,	0,	0,	0,	0,	0,	0,	0,	0,	0,	'2019-10-31',	'2019-10-31'),
(126,	3,	'2020-04-02',	NULL,	NULL,	0,	0,	0,	0,	0,	0,	0,	0,	0,	0,	0,	0,	0,	0,	0,	'2019-10-31',	'2019-10-31'),
(127,	3,	'2020-05-02',	NULL,	NULL,	0,	0,	0,	0,	0,	0,	0,	0,	0,	0,	0,	0,	0,	0,	0,	'2019-10-31',	'2019-10-31'),
(128,	3,	'2020-06-02',	NULL,	NULL,	0,	0,	0,	0,	0,	0,	0,	0,	0,	0,	0,	0,	0,	0,	0,	'2019-10-31',	'2019-10-31'),
(129,	3,	'2020-07-02',	NULL,	NULL,	0,	0,	0,	0,	0,	0,	0,	0,	0,	0,	0,	0,	0,	0,	0,	'2019-10-31',	'2019-10-31'),
(130,	3,	'2020-08-02',	NULL,	NULL,	0,	0,	0,	0,	0,	0,	0,	0,	0,	0,	0,	0,	0,	0,	0,	'2019-10-31',	'2019-10-31'),
(131,	3,	'2020-09-02',	NULL,	NULL,	0,	0,	0,	0,	0,	0,	0,	0,	0,	0,	0,	0,	0,	0,	0,	'2019-10-31',	'2019-10-31'),
(132,	3,	'2020-10-02',	NULL,	NULL,	0,	0,	0,	0,	0,	0,	0,	0,	0,	0,	0,	0,	0,	0,	0,	'2019-10-31',	'2019-10-31'),
(133,	3,	'2020-11-02',	NULL,	NULL,	0,	0,	0,	0,	0,	0,	0,	0,	0,	0,	0,	0,	0,	0,	0,	'2019-10-31',	'2019-10-31'),
(134,	3,	'2020-12-02',	NULL,	NULL,	0,	0,	0,	0,	0,	0,	0,	0,	0,	0,	0,	0,	0,	0,	0,	'2019-10-31',	'2019-10-31'),
(135,	3,	'2021-01-02',	NULL,	NULL,	0,	0,	0,	0,	0,	0,	0,	0,	0,	0,	0,	0,	0,	0,	0,	'2019-10-31',	'2019-10-31'),
(136,	3,	'2021-02-02',	NULL,	NULL,	0,	0,	0,	0,	0,	0,	0,	0,	0,	0,	0,	0,	0,	0,	0,	'2019-10-31',	'2019-10-31'),
(137,	3,	'2021-03-02',	NULL,	NULL,	0,	0,	0,	0,	0,	0,	0,	0,	0,	0,	0,	0,	0,	0,	0,	'2019-10-31',	'2019-10-31'),
(138,	3,	'2021-04-02',	NULL,	NULL,	0,	0,	0,	0,	0,	0,	0,	0,	0,	0,	0,	0,	0,	0,	0,	'2019-10-31',	'2019-10-31'),
(139,	3,	'2021-05-02',	NULL,	NULL,	0,	0,	0,	0,	0,	0,	0,	0,	0,	0,	0,	0,	0,	0,	0,	'2019-10-31',	'2019-10-31'),
(140,	3,	'2021-06-02',	NULL,	NULL,	0,	0,	0,	0,	0,	0,	0,	0,	0,	0,	0,	0,	0,	0,	0,	'2019-10-31',	'2019-10-31'),
(141,	3,	'2021-07-02',	NULL,	NULL,	0,	0,	0,	0,	0,	0,	0,	0,	0,	0,	0,	0,	0,	0,	0,	'2019-10-31',	'2019-10-31'),
(142,	3,	'2021-08-02',	NULL,	NULL,	0,	0,	0,	0,	0,	0,	0,	0,	0,	0,	0,	0,	0,	0,	0,	'2019-10-31',	'2019-10-31'),
(143,	3,	'2021-09-02',	NULL,	NULL,	0,	0,	0,	0,	0,	0,	0,	0,	0,	0,	0,	0,	0,	0,	0,	'2019-10-31',	'2019-10-31'),
(144,	3,	'2021-10-02',	NULL,	NULL,	0,	0,	0,	0,	0,	0,	0,	0,	0,	0,	0,	0,	0,	0,	0,	'2019-10-31',	'2019-10-31'),
(145,	3,	'2021-11-02',	NULL,	NULL,	0,	0,	0,	0,	0,	0,	0,	0,	0,	0,	0,	0,	0,	0,	0,	'2019-10-31',	'2019-10-31'),
(146,	3,	'2021-12-02',	NULL,	NULL,	0,	0,	0,	0,	0,	0,	0,	0,	0,	0,	0,	0,	0,	0,	0,	'2019-10-31',	'2019-10-31'),
(147,	3,	'2022-01-02',	NULL,	NULL,	0,	0,	0,	0,	0,	0,	0,	0,	0,	0,	0,	0,	0,	0,	0,	'2019-10-31',	'2019-10-31'),
(148,	3,	'2022-02-02',	NULL,	NULL,	0,	0,	0,	0,	0,	0,	0,	0,	0,	0,	0,	0,	0,	0,	0,	'2019-10-31',	'2019-10-31'),
(149,	3,	'2022-03-02',	NULL,	NULL,	0,	0,	0,	0,	0,	0,	0,	0,	0,	0,	0,	0,	0,	0,	0,	'2019-10-31',	'2019-10-31'),
(150,	3,	'2022-04-02',	NULL,	NULL,	0,	0,	0,	0,	0,	0,	0,	0,	0,	0,	0,	0,	0,	0,	0,	'2019-10-31',	'2019-10-31'),
(151,	3,	'2022-05-02',	NULL,	NULL,	0,	0,	0,	0,	0,	0,	0,	0,	0,	0,	0,	0,	0,	0,	0,	'2019-10-31',	'2019-10-31'),
(152,	3,	'2022-06-02',	NULL,	NULL,	0,	0,	0,	0,	0,	0,	0,	0,	0,	0,	0,	0,	0,	0,	0,	'2019-10-31',	'2019-10-31'),
(153,	3,	'2022-07-02',	NULL,	NULL,	0,	0,	0,	0,	0,	0,	0,	0,	0,	0,	0,	0,	0,	0,	0,	'2019-10-31',	'2019-10-31'),
(154,	3,	'2022-08-02',	NULL,	NULL,	0,	0,	0,	0,	0,	0,	0,	0,	0,	0,	0,	0,	0,	0,	0,	'2019-10-31',	'2019-10-31'),
(155,	3,	'2022-09-02',	NULL,	NULL,	0,	0,	0,	0,	0,	0,	0,	0,	0,	0,	0,	0,	0,	0,	0,	'2019-10-31',	'2019-10-31'),
(156,	3,	'2022-10-02',	NULL,	NULL,	0,	0,	0,	0,	0,	0,	0,	0,	0,	0,	0,	0,	0,	0,	0,	'2019-10-31',	'2019-10-31'),
(157,	3,	'2022-11-02',	NULL,	NULL,	0,	0,	0,	0,	0,	0,	0,	0,	0,	0,	0,	0,	0,	0,	0,	'2019-10-31',	'2019-10-31'),
(158,	3,	'2022-12-02',	NULL,	NULL,	0,	0,	0,	0,	0,	0,	0,	0,	0,	0,	0,	0,	0,	0,	0,	'2019-10-31',	'2019-10-31'),
(159,	3,	'2023-01-02',	NULL,	NULL,	0,	0,	0,	0,	0,	0,	0,	0,	0,	0,	0,	0,	0,	0,	0,	'2019-10-31',	'2019-10-31'),
(160,	3,	'2023-02-02',	NULL,	NULL,	0,	0,	0,	0,	0,	0,	0,	0,	0,	0,	0,	0,	0,	0,	0,	'2019-10-31',	'2019-10-31'),
(161,	3,	'2023-03-02',	NULL,	NULL,	0,	0,	0,	0,	0,	0,	0,	0,	0,	0,	0,	0,	0,	0,	0,	'2019-10-31',	'2019-10-31'),
(162,	3,	'2023-04-02',	NULL,	NULL,	0,	0,	0,	0,	0,	0,	0,	0,	0,	0,	0,	0,	0,	0,	0,	'2019-10-31',	'2019-10-31'),
(163,	3,	'2023-05-02',	NULL,	NULL,	0,	0,	0,	0,	0,	0,	0,	0,	0,	0,	0,	0,	0,	0,	0,	'2019-10-31',	'2019-10-31'),
(164,	3,	'2023-06-02',	NULL,	NULL,	0,	0,	0,	0,	0,	0,	0,	0,	0,	0,	0,	0,	0,	0,	0,	'2019-10-31',	'2019-10-31'),
(165,	3,	'2023-07-02',	NULL,	NULL,	0,	0,	0,	0,	0,	0,	0,	0,	0,	0,	0,	0,	0,	0,	0,	'2019-10-31',	'2019-10-31'),
(166,	3,	'2023-08-02',	NULL,	NULL,	0,	0,	0,	0,	0,	0,	0,	0,	0,	0,	0,	0,	0,	0,	0,	'2019-10-31',	'2019-10-31'),
(167,	3,	'2023-09-02',	NULL,	NULL,	0,	0,	0,	0,	0,	0,	0,	0,	0,	0,	0,	0,	0,	0,	0,	'2019-10-31',	'2019-10-31'),
(168,	3,	'2023-10-02',	NULL,	NULL,	0,	0,	0,	0,	0,	0,	0,	0,	0,	0,	0,	0,	0,	0,	0,	'2019-10-31',	'2019-10-31'),
(169,	3,	'2023-11-02',	NULL,	NULL,	0,	0,	0,	0,	0,	0,	0,	0,	0,	0,	0,	0,	0,	0,	0,	'2019-10-31',	'2019-10-31'),
(170,	3,	'2023-12-02',	NULL,	NULL,	0,	0,	0,	0,	0,	0,	0,	0,	0,	0,	0,	0,	0,	0,	0,	'2019-10-31',	'2019-10-31'),
(171,	3,	'2024-01-02',	NULL,	NULL,	0,	0,	0,	0,	0,	0,	0,	0,	0,	0,	0,	0,	0,	0,	0,	'2019-10-31',	'2019-10-31'),
(172,	3,	'2024-02-02',	NULL,	NULL,	0,	0,	0,	0,	0,	0,	0,	0,	0,	0,	0,	0,	0,	0,	0,	'2019-10-31',	'2019-10-31'),
(173,	3,	'2024-03-02',	NULL,	NULL,	0,	0,	0,	0,	0,	0,	0,	0,	0,	0,	0,	0,	0,	0,	0,	'2019-10-31',	'2019-10-31'),
(174,	3,	'2024-04-02',	NULL,	NULL,	0,	0,	0,	0,	0,	0,	0,	0,	0,	0,	0,	0,	0,	0,	0,	'2019-10-31',	'2019-10-31'),
(175,	3,	'2024-05-02',	NULL,	NULL,	0,	0,	0,	0,	0,	0,	0,	0,	0,	0,	0,	0,	0,	0,	0,	'2019-10-31',	'2019-10-31'),
(176,	3,	'2024-06-02',	NULL,	NULL,	0,	0,	0,	0,	0,	0,	0,	0,	0,	0,	0,	0,	0,	0,	0,	'2019-10-31',	'2019-10-31'),
(177,	3,	'2024-07-02',	NULL,	NULL,	0,	0,	0,	0,	0,	0,	0,	0,	0,	0,	0,	0,	0,	0,	0,	'2019-10-31',	'2019-10-31'),
(178,	3,	'2024-08-02',	NULL,	NULL,	0,	0,	0,	0,	0,	0,	0,	0,	0,	0,	0,	0,	0,	0,	0,	'2019-10-31',	'2019-10-31'),
(179,	3,	'2024-09-02',	NULL,	NULL,	0,	0,	0,	0,	0,	0,	0,	0,	0,	0,	0,	0,	0,	0,	0,	'2019-10-31',	'2019-10-31'),
(180,	3,	'2024-10-02',	NULL,	NULL,	0,	0,	0,	0,	0,	0,	0,	0,	0,	0,	0,	0,	0,	0,	0,	'2019-10-31',	'2019-10-31'),
(181,	4,	'2020-01-11',	'4',	'50',	0,	0,	0,	0,	0,	0,	0,	0,	0,	0,	0,	0,	0,	0,	1,	'2019-12-12',	'2019-12-12'),
(182,	4,	'2020-02-11',	NULL,	NULL,	0,	0,	0,	0,	0,	0,	0,	0,	0,	0,	0,	0,	0,	0,	0,	'2019-12-12',	'2019-12-12'),
(183,	4,	'2020-03-11',	NULL,	NULL,	0,	0,	0,	0,	0,	0,	0,	0,	0,	0,	0,	0,	0,	0,	0,	'2019-12-12',	'2019-12-12'),
(184,	4,	'2020-04-11',	NULL,	NULL,	0,	0,	0,	0,	0,	0,	0,	0,	0,	0,	0,	0,	0,	0,	0,	'2019-12-12',	'2019-12-12'),
(185,	4,	'2020-05-11',	NULL,	NULL,	0,	0,	0,	0,	0,	0,	0,	0,	0,	0,	0,	0,	0,	0,	0,	'2019-12-12',	'2019-12-12'),
(186,	4,	'2020-06-11',	NULL,	NULL,	0,	0,	0,	0,	0,	0,	0,	0,	0,	0,	0,	0,	0,	0,	0,	'2019-12-12',	'2019-12-12'),
(187,	4,	'2020-07-11',	NULL,	NULL,	0,	0,	0,	0,	0,	0,	0,	0,	0,	0,	0,	0,	0,	0,	0,	'2019-12-12',	'2019-12-12'),
(188,	4,	'2020-08-11',	NULL,	NULL,	0,	0,	0,	0,	0,	0,	0,	0,	0,	0,	0,	0,	0,	0,	0,	'2019-12-12',	'2019-12-12'),
(189,	4,	'2020-09-11',	NULL,	NULL,	0,	0,	0,	0,	0,	0,	0,	0,	0,	0,	0,	0,	0,	0,	0,	'2019-12-12',	'2019-12-12'),
(190,	4,	'2020-10-11',	NULL,	NULL,	0,	0,	0,	0,	0,	0,	0,	0,	0,	0,	0,	0,	0,	0,	0,	'2019-12-12',	'2019-12-12'),
(191,	4,	'2020-11-11',	NULL,	NULL,	0,	0,	0,	0,	0,	0,	0,	0,	0,	0,	0,	0,	0,	0,	0,	'2019-12-12',	'2019-12-12'),
(192,	4,	'2020-12-11',	NULL,	NULL,	0,	0,	0,	0,	0,	0,	0,	0,	0,	0,	0,	0,	0,	0,	0,	'2019-12-12',	'2019-12-12'),
(193,	4,	'2021-01-11',	NULL,	NULL,	0,	0,	0,	0,	0,	0,	0,	0,	0,	0,	0,	0,	0,	0,	0,	'2019-12-12',	'2019-12-12'),
(194,	4,	'2021-02-11',	NULL,	NULL,	0,	0,	0,	0,	0,	0,	0,	0,	0,	0,	0,	0,	0,	0,	0,	'2019-12-12',	'2019-12-12'),
(195,	4,	'2021-03-11',	NULL,	NULL,	0,	0,	0,	0,	0,	0,	0,	0,	0,	0,	0,	0,	0,	0,	0,	'2019-12-12',	'2019-12-12'),
(196,	4,	'2021-04-11',	NULL,	NULL,	0,	0,	0,	0,	0,	0,	0,	0,	0,	0,	0,	0,	0,	0,	0,	'2019-12-12',	'2019-12-12'),
(197,	4,	'2021-05-11',	NULL,	NULL,	0,	0,	0,	0,	0,	0,	0,	0,	0,	0,	0,	0,	0,	0,	0,	'2019-12-12',	'2019-12-12'),
(198,	4,	'2021-06-11',	NULL,	NULL,	0,	0,	0,	0,	0,	0,	0,	0,	0,	0,	0,	0,	0,	0,	0,	'2019-12-12',	'2019-12-12'),
(199,	4,	'2021-07-11',	NULL,	NULL,	0,	0,	0,	0,	0,	0,	0,	0,	0,	0,	0,	0,	0,	0,	0,	'2019-12-12',	'2019-12-12'),
(200,	4,	'2021-08-11',	NULL,	NULL,	0,	0,	0,	0,	0,	0,	0,	0,	0,	0,	0,	0,	0,	0,	0,	'2019-12-12',	'2019-12-12'),
(201,	4,	'2021-09-11',	NULL,	NULL,	0,	0,	0,	0,	0,	0,	0,	0,	0,	0,	0,	0,	0,	0,	0,	'2019-12-12',	'2019-12-12'),
(202,	4,	'2021-10-11',	NULL,	NULL,	0,	0,	0,	0,	0,	0,	0,	0,	0,	0,	0,	0,	0,	0,	0,	'2019-12-12',	'2019-12-12'),
(203,	4,	'2021-11-11',	NULL,	NULL,	0,	0,	0,	0,	0,	0,	0,	0,	0,	0,	0,	0,	0,	0,	0,	'2019-12-12',	'2019-12-12'),
(204,	4,	'2021-12-11',	NULL,	NULL,	0,	0,	0,	0,	0,	0,	0,	0,	0,	0,	0,	0,	0,	0,	0,	'2019-12-12',	'2019-12-12'),
(205,	4,	'2022-01-11',	NULL,	NULL,	0,	0,	0,	0,	0,	0,	0,	0,	0,	0,	0,	0,	0,	0,	0,	'2019-12-12',	'2019-12-12'),
(206,	4,	'2022-02-11',	NULL,	NULL,	0,	0,	0,	0,	0,	0,	0,	0,	0,	0,	0,	0,	0,	0,	0,	'2019-12-12',	'2019-12-12'),
(207,	4,	'2022-03-11',	NULL,	NULL,	0,	0,	0,	0,	0,	0,	0,	0,	0,	0,	0,	0,	0,	0,	0,	'2019-12-12',	'2019-12-12'),
(208,	4,	'2022-04-11',	NULL,	NULL,	0,	0,	0,	0,	0,	0,	0,	0,	0,	0,	0,	0,	0,	0,	0,	'2019-12-12',	'2019-12-12'),
(209,	4,	'2022-05-11',	NULL,	NULL,	0,	0,	0,	0,	0,	0,	0,	0,	0,	0,	0,	0,	0,	0,	0,	'2019-12-12',	'2019-12-12'),
(210,	4,	'2022-06-11',	NULL,	NULL,	0,	0,	0,	0,	0,	0,	0,	0,	0,	0,	0,	0,	0,	0,	0,	'2019-12-12',	'2019-12-12'),
(211,	4,	'2022-07-11',	NULL,	NULL,	0,	0,	0,	0,	0,	0,	0,	0,	0,	0,	0,	0,	0,	0,	0,	'2019-12-12',	'2019-12-12'),
(212,	4,	'2022-08-11',	NULL,	NULL,	0,	0,	0,	0,	0,	0,	0,	0,	0,	0,	0,	0,	0,	0,	0,	'2019-12-12',	'2019-12-12'),
(213,	4,	'2022-09-11',	NULL,	NULL,	0,	0,	0,	0,	0,	0,	0,	0,	0,	0,	0,	0,	0,	0,	0,	'2019-12-12',	'2019-12-12'),
(214,	4,	'2022-10-11',	NULL,	NULL,	0,	0,	0,	0,	0,	0,	0,	0,	0,	0,	0,	0,	0,	0,	0,	'2019-12-12',	'2019-12-12'),
(215,	4,	'2022-11-11',	NULL,	NULL,	0,	0,	0,	0,	0,	0,	0,	0,	0,	0,	0,	0,	0,	0,	0,	'2019-12-12',	'2019-12-12'),
(216,	4,	'2022-12-11',	NULL,	NULL,	0,	0,	0,	0,	0,	0,	0,	0,	0,	0,	0,	0,	0,	0,	0,	'2019-12-12',	'2019-12-12'),
(217,	4,	'2023-01-11',	NULL,	NULL,	0,	0,	0,	0,	0,	0,	0,	0,	0,	0,	0,	0,	0,	0,	0,	'2019-12-12',	'2019-12-12'),
(218,	4,	'2023-02-11',	NULL,	NULL,	0,	0,	0,	0,	0,	0,	0,	0,	0,	0,	0,	0,	0,	0,	0,	'2019-12-12',	'2019-12-12'),
(219,	4,	'2023-03-11',	NULL,	NULL,	0,	0,	0,	0,	0,	0,	0,	0,	0,	0,	0,	0,	0,	0,	0,	'2019-12-12',	'2019-12-12'),
(220,	4,	'2023-04-11',	NULL,	NULL,	0,	0,	0,	0,	0,	0,	0,	0,	0,	0,	0,	0,	0,	0,	0,	'2019-12-12',	'2019-12-12'),
(221,	4,	'2023-05-11',	NULL,	NULL,	0,	0,	0,	0,	0,	0,	0,	0,	0,	0,	0,	0,	0,	0,	0,	'2019-12-12',	'2019-12-12'),
(222,	4,	'2023-06-11',	NULL,	NULL,	0,	0,	0,	0,	0,	0,	0,	0,	0,	0,	0,	0,	0,	0,	0,	'2019-12-12',	'2019-12-12'),
(223,	4,	'2023-07-11',	NULL,	NULL,	0,	0,	0,	0,	0,	0,	0,	0,	0,	0,	0,	0,	0,	0,	0,	'2019-12-12',	'2019-12-12'),
(224,	4,	'2023-08-11',	NULL,	NULL,	0,	0,	0,	0,	0,	0,	0,	0,	0,	0,	0,	0,	0,	0,	0,	'2019-12-12',	'2019-12-12'),
(225,	4,	'2023-09-11',	NULL,	NULL,	0,	0,	0,	0,	0,	0,	0,	0,	0,	0,	0,	0,	0,	0,	0,	'2019-12-12',	'2019-12-12'),
(226,	4,	'2023-10-11',	NULL,	NULL,	0,	0,	0,	0,	0,	0,	0,	0,	0,	0,	0,	0,	0,	0,	0,	'2019-12-12',	'2019-12-12'),
(227,	4,	'2023-11-11',	NULL,	NULL,	0,	0,	0,	0,	0,	0,	0,	0,	0,	0,	0,	0,	0,	0,	0,	'2019-12-12',	'2019-12-12'),
(228,	4,	'2023-12-11',	NULL,	NULL,	0,	0,	0,	0,	0,	0,	0,	0,	0,	0,	0,	0,	0,	0,	0,	'2019-12-12',	'2019-12-12'),
(229,	4,	'2024-01-11',	NULL,	NULL,	0,	0,	0,	0,	0,	0,	0,	0,	0,	0,	0,	0,	0,	0,	0,	'2019-12-12',	'2019-12-12'),
(230,	4,	'2024-02-11',	NULL,	NULL,	0,	0,	0,	0,	0,	0,	0,	0,	0,	0,	0,	0,	0,	0,	0,	'2019-12-12',	'2019-12-12'),
(231,	4,	'2024-03-11',	NULL,	NULL,	0,	0,	0,	0,	0,	0,	0,	0,	0,	0,	0,	0,	0,	0,	0,	'2019-12-12',	'2019-12-12'),
(232,	4,	'2024-04-11',	NULL,	NULL,	0,	0,	0,	0,	0,	0,	0,	0,	0,	0,	0,	0,	0,	0,	0,	'2019-12-12',	'2019-12-12'),
(233,	4,	'2024-05-11',	NULL,	NULL,	0,	0,	0,	0,	0,	0,	0,	0,	0,	0,	0,	0,	0,	0,	0,	'2019-12-12',	'2019-12-12'),
(234,	4,	'2024-06-11',	NULL,	NULL,	0,	0,	0,	0,	0,	0,	0,	0,	0,	0,	0,	0,	0,	0,	0,	'2019-12-12',	'2019-12-12'),
(235,	4,	'2024-07-11',	NULL,	NULL,	0,	0,	0,	0,	0,	0,	0,	0,	0,	0,	0,	0,	0,	0,	0,	'2019-12-12',	'2019-12-12'),
(236,	4,	'2024-08-11',	NULL,	NULL,	0,	0,	0,	0,	0,	0,	0,	0,	0,	0,	0,	0,	0,	0,	0,	'2019-12-12',	'2019-12-12'),
(237,	4,	'2024-09-11',	NULL,	NULL,	0,	0,	0,	0,	0,	0,	0,	0,	0,	0,	0,	0,	0,	0,	0,	'2019-12-12',	'2019-12-12'),
(238,	4,	'2024-10-11',	NULL,	NULL,	0,	0,	0,	0,	0,	0,	0,	0,	0,	0,	0,	0,	0,	0,	0,	'2019-12-12',	'2019-12-12'),
(239,	4,	'2024-11-11',	NULL,	NULL,	0,	0,	0,	0,	0,	0,	0,	0,	0,	0,	0,	0,	0,	0,	0,	'2019-12-12',	'2019-12-12'),
(240,	4,	'2024-12-11',	NULL,	NULL,	0,	0,	0,	0,	0,	0,	0,	0,	0,	0,	0,	0,	0,	0,	0,	'2019-12-12',	'2019-12-12');

DROP TABLE IF EXISTS `t_ibu_hamil`;
CREATE TABLE `t_ibu_hamil` (
  `id` int(11) NOT NULL AUTO_INCREMENT,
  `dasawisma_id` int(11) DEFAULT NULL,
  `tgl_entry` date DEFAULT NULL,
  `nik` varchar(50) DEFAULT NULL,
  `nama` varchar(50) DEFAULT NULL,
  `nama_suami` varchar(50) DEFAULT NULL,
  `tgl_lahir` date DEFAULT NULL,
  `tgl_hamil` date DEFAULT NULL,
  `umur` varchar(10) DEFAULT NULL,
  `umur_kehamilan` varchar(10) DEFAULT NULL,
  `hamil_count` int(11) DEFAULT NULL,
  `is_risk` tinyint(1) DEFAULT '0' COMMENT '0: tidak ada resiko kehamilan, 1: ada resiko kehamilan',
  `created_at` timestamp NULL DEFAULT CURRENT_TIMESTAMP,
  `updated_at` timestamp NULL DEFAULT CURRENT_TIMESTAMP ON UPDATE CURRENT_TIMESTAMP,
  PRIMARY KEY (`id`)
) ENGINE=InnoDB DEFAULT CHARSET=utf8mb4;

INSERT INTO `t_ibu_hamil` (`id`, `dasawisma_id`, `tgl_entry`, `nik`, `nama`, `nama_suami`, `tgl_lahir`, `tgl_hamil`, `umur`, `umur_kehamilan`, `hamil_count`, `is_risk`, `created_at`, `updated_at`) VALUES
(1,	1,	'2019-10-07',	'3674041711860004',	'empty array',	'empty objects',	'1991-08-02',	'2018-09-24',	'28',	'3',	1,	NULL,	'2019-10-30 07:26:57',	'2019-10-30 07:26:57'),
(2,	1,	'2019-10-16',	'3674041711860004',	'Ni Wayan Tiana Pertiwi',	'Putu Gede Chandrayana Putra',	'1991-08-02',	'2018-09-22',	'28',	'4',	1,	NULL,	'2019-10-30 07:28:37',	'2019-10-30 07:28:37');

DROP TABLE IF EXISTS `t_ibu_hamil_polidata`;
CREATE TABLE `t_ibu_hamil_polidata` (
  `id` int(11) NOT NULL AUTO_INCREMENT,
  `ibu_id` int(11) DEFAULT NULL,
  `jadwal` date DEFAULT NULL,
  `berat` varchar(10) DEFAULT NULL,
  `lila` varchar(10) DEFAULT NULL,
  `pmt` varchar(10) DEFAULT NULL,
  `tambah_darah_1` tinyint(1) DEFAULT NULL,
  `tambah_darah_2` tinyint(1) DEFAULT NULL,
  `tambah_darah_3` tinyint(1) DEFAULT NULL,
  `imunisasi_tt_1` tinyint(1) DEFAULT NULL,
  `imunisasi_tt_2` tinyint(1) DEFAULT NULL,
  `imunisasi_tt_3` tinyint(1) DEFAULT NULL,
  `imunisasi_tt_4` tinyint(1) DEFAULT NULL,
  `imunisasi_tt_5` tinyint(1) DEFAULT NULL,
  `vitamin_a` tinyint(1) DEFAULT NULL,
  `catatan` varchar(50) DEFAULT NULL,
  `is_set` tinyint(1) DEFAULT '0',
  `created_at` date DEFAULT NULL,
  `updated_at` date DEFAULT NULL,
  PRIMARY KEY (`id`),
  KEY `ibu_id` (`ibu_id`),
  CONSTRAINT `t_ibu_hamil_polidata_ibfk_1` FOREIGN KEY (`ibu_id`) REFERENCES `t_ibu_hamil` (`id`) ON DELETE CASCADE
) ENGINE=InnoDB DEFAULT CHARSET=utf8mb4;

INSERT INTO `t_ibu_hamil_polidata` (`id`, `ibu_id`, `jadwal`, `berat`, `lila`, `pmt`, `tambah_darah_1`, `tambah_darah_2`, `tambah_darah_3`, `imunisasi_tt_1`, `imunisasi_tt_2`, `imunisasi_tt_3`, `imunisasi_tt_4`, `imunisasi_tt_5`, `vitamin_a`, `catatan`, `is_set`, `created_at`, `updated_at`) VALUES
(1,	1,	'2018-10-24',	'49',	'24',	'1',	1,	0,	NULL,	NULL,	NULL,	NULL,	NULL,	NULL,	1,	NULL,	1,	'2019-10-30',	'2019-10-30'),
(2,	1,	'2018-11-24',	'52',	'29',	NULL,	1,	NULL,	NULL,	1,	NULL,	NULL,	NULL,	NULL,	1,	NULL,	1,	'2019-10-30',	'2019-10-30'),
(3,	1,	'2018-12-24',	NULL,	NULL,	NULL,	NULL,	NULL,	NULL,	NULL,	NULL,	NULL,	NULL,	NULL,	NULL,	NULL,	0,	'2019-10-30',	'2019-10-30'),
(4,	1,	'2019-01-24',	NULL,	NULL,	NULL,	NULL,	NULL,	NULL,	NULL,	NULL,	NULL,	NULL,	NULL,	NULL,	NULL,	0,	'2019-10-30',	'2019-10-30'),
(5,	1,	'2019-02-24',	NULL,	NULL,	NULL,	NULL,	NULL,	NULL,	NULL,	NULL,	NULL,	NULL,	NULL,	NULL,	NULL,	0,	'2019-10-30',	'2019-10-30'),
(6,	1,	'2019-03-24',	NULL,	NULL,	NULL,	NULL,	NULL,	NULL,	NULL,	NULL,	NULL,	NULL,	NULL,	NULL,	NULL,	0,	'2019-10-30',	'2019-10-30'),
(7,	1,	'2019-04-24',	NULL,	NULL,	NULL,	NULL,	NULL,	NULL,	NULL,	NULL,	NULL,	NULL,	NULL,	NULL,	NULL,	0,	'2019-10-30',	'2019-10-30'),
(8,	1,	'2019-05-24',	NULL,	NULL,	NULL,	NULL,	NULL,	NULL,	NULL,	NULL,	NULL,	NULL,	NULL,	NULL,	NULL,	0,	'2019-10-30',	'2019-10-30'),
(9,	1,	'2019-06-24',	NULL,	NULL,	NULL,	NULL,	NULL,	NULL,	NULL,	NULL,	NULL,	NULL,	NULL,	NULL,	NULL,	0,	'2019-10-30',	'2019-10-30'),
(10,	2,	'2018-10-22',	'49',	'25',	'1',	1,	NULL,	NULL,	1,	NULL,	NULL,	NULL,	NULL,	1,	NULL,	1,	'2019-10-30',	'2019-10-30'),
(11,	2,	'2018-11-22',	'53',	'29',	'1',	NULL,	1,	NULL,	NULL,	1,	NULL,	NULL,	NULL,	1,	NULL,	1,	'2019-10-30',	'2019-10-30'),
(12,	2,	'2018-12-22',	NULL,	NULL,	NULL,	NULL,	NULL,	NULL,	NULL,	NULL,	NULL,	NULL,	NULL,	NULL,	NULL,	0,	'2019-10-30',	'2019-10-30'),
(13,	2,	'2019-01-22',	NULL,	NULL,	NULL,	NULL,	NULL,	NULL,	NULL,	NULL,	NULL,	NULL,	NULL,	NULL,	NULL,	0,	'2019-10-30',	'2019-10-30'),
(14,	2,	'2019-02-22',	NULL,	NULL,	NULL,	NULL,	NULL,	NULL,	NULL,	NULL,	NULL,	NULL,	NULL,	NULL,	NULL,	0,	'2019-10-30',	'2019-10-30'),
(15,	2,	'2019-03-22',	NULL,	NULL,	NULL,	NULL,	NULL,	NULL,	NULL,	NULL,	NULL,	NULL,	NULL,	NULL,	NULL,	0,	'2019-10-30',	'2019-10-30'),
(16,	2,	'2019-04-22',	NULL,	NULL,	NULL,	NULL,	NULL,	NULL,	NULL,	NULL,	NULL,	NULL,	NULL,	NULL,	NULL,	0,	'2019-10-30',	'2019-10-30'),
(17,	2,	'2019-05-22',	NULL,	NULL,	NULL,	NULL,	NULL,	NULL,	NULL,	NULL,	NULL,	NULL,	NULL,	NULL,	NULL,	0,	'2019-10-30',	'2019-10-30'),
(18,	2,	'2019-06-22',	NULL,	NULL,	NULL,	NULL,	NULL,	NULL,	NULL,	NULL,	NULL,	NULL,	NULL,	NULL,	NULL,	0,	'2019-10-30',	'2019-10-30');

DROP TABLE IF EXISTS `t_wus_pus`;
CREATE TABLE `t_wus_pus` (
  `id` int(11) NOT NULL AUTO_INCREMENT,
  `dasawisma_id` int(11) DEFAULT NULL,
  `tgl_entry` date DEFAULT NULL,
  `nik` varchar(50) DEFAULT NULL,
  `nama` varchar(50) DEFAULT NULL,
  `nama_suami` varchar(50) DEFAULT NULL,
  `tgl_lahir` date DEFAULT NULL,
  `umur` varchar(10) DEFAULT NULL,
  `tahapan_ks` varchar(10) DEFAULT NULL,
  `created_at` timestamp NULL DEFAULT CURRENT_TIMESTAMP,
  `updated_at` timestamp NULL DEFAULT CURRENT_TIMESTAMP ON UPDATE CURRENT_TIMESTAMP,
  PRIMARY KEY (`id`)
) ENGINE=InnoDB DEFAULT CHARSET=utf8mb4;

INSERT INTO `t_wus_pus` (`id`, `dasawisma_id`, `tgl_entry`, `nik`, `nama`, `nama_suami`, `tgl_lahir`, `umur`, `tahapan_ks`, `created_at`, `updated_at`) VALUES
(1,	1,	'2019-11-06',	'3674041711860004',	'Tiana Pertiwi',	'Chandrayana Putra',	'1991-08-02',	'28',	'tesss',	'2019-11-01 05:55:40',	'2019-11-01 05:55:40');

DROP TABLE IF EXISTS `t_wus_pus_polidata`;
CREATE TABLE `t_wus_pus_polidata` (
  `id` int(11) NOT NULL AUTO_INCREMENT,
  `people_id` int(11) DEFAULT NULL,
  `anak_hidup` varchar(10) DEFAULT NULL,
  `anak_meninggal` varchar(10) DEFAULT NULL,
  `lila` varchar(10) DEFAULT NULL,
  `imunisasi_tt_1` tinyint(1) DEFAULT NULL,
  `imunisasi_tt_2` tinyint(1) DEFAULT NULL,
  `imunisasi_tt_3` tinyint(1) DEFAULT NULL,
  `imunisasi_tt_4` tinyint(1) DEFAULT NULL,
  `imunisasi_tt_5` tinyint(1) DEFAULT NULL,
  `jenis_kontrasepsi_pakai` varchar(10) DEFAULT NULL,
  `tanggal_penggantian` date DEFAULT NULL,
  `jenis_kontrasepsi_penggantian` varchar(10) DEFAULT NULL,
  `is_set` tinyint(1) DEFAULT '0',
  `created_at` date DEFAULT NULL,
  `updated_at` date DEFAULT NULL,
  PRIMARY KEY (`id`),
  KEY `people_id` (`people_id`),
  CONSTRAINT `t_wus_pus_polidata_ibfk_1` FOREIGN KEY (`people_id`) REFERENCES `t_wus_pus` (`id`) ON DELETE CASCADE
) ENGINE=InnoDB DEFAULT CHARSET=utf8mb4;

INSERT INTO `t_wus_pus_polidata` (`id`, `people_id`, `anak_hidup`, `anak_meninggal`, `lila`, `imunisasi_tt_1`, `imunisasi_tt_2`, `imunisasi_tt_3`, `imunisasi_tt_4`, `imunisasi_tt_5`, `jenis_kontrasepsi_pakai`, `tanggal_penggantian`, `jenis_kontrasepsi_penggantian`, `is_set`, `created_at`, `updated_at`) VALUES
(1,	1,	'1',	NULL,	'24',	1,	NULL,	1,	NULL,	NULL,	'Kondom',	NULL,	NULL,	1,	'2019-11-01',	'2019-11-01');

DROP TABLE IF EXISTS `users`;
CREATE TABLE `users` (
  `id` int(10) unsigned NOT NULL AUTO_INCREMENT,
  `username` varchar(191) COLLATE utf8mb4_unicode_ci DEFAULT NULL,
  `name` varchar(191) COLLATE utf8mb4_unicode_ci NOT NULL,
  `email` varchar(191) COLLATE utf8mb4_unicode_ci NOT NULL,
  `phone` varchar(191) COLLATE utf8mb4_unicode_ci DEFAULT NULL,
  `address` varchar(191) COLLATE utf8mb4_unicode_ci DEFAULT NULL,
  `birthday` date DEFAULT NULL,
  `avatar` varchar(191) COLLATE utf8mb4_unicode_ci DEFAULT NULL,
  `password` varchar(191) COLLATE utf8mb4_unicode_ci NOT NULL,
  `remember_token` varchar(100) COLLATE utf8mb4_unicode_ci DEFAULT NULL,
  `removable` tinyint(1) NOT NULL DEFAULT '1',
  `last_login` timestamp NULL DEFAULT NULL,
  `created_at` timestamp NULL DEFAULT NULL,
  `updated_at` timestamp NULL DEFAULT NULL,
  PRIMARY KEY (`id`),
  UNIQUE KEY `users_email_unique` (`email`)
) ENGINE=InnoDB DEFAULT CHARSET=utf8mb4 COLLATE=utf8mb4_unicode_ci;

INSERT INTO `users` (`id`, `username`, `name`, `email`, `phone`, `address`, `birthday`, `avatar`, `password`, `remember_token`, `removable`, `last_login`, `created_at`, `updated_at`) VALUES
(1,	'admin',	'Chandrayana Putra',	'admin@admin.com',	'081320771711',	'Jl. Kaswari 1663/64 Bukit Nusa Indah, Serua Ciputat',	NULL,	'1571502825.jpg',	'$2y$10$fy7Cpztcx3FKzycEI2IvBuxVCnNAO3yzzWJqRrh8sMiVP9G15qlE2',	'R5erEjkkhFCd7Lp5BbV0WxI5aYw7r0fC4FrSZUEYiJTViN7W8iPJvIBBrUMP',	0,	'2019-12-12 15:49:49',	'2019-02-15 10:18:53',	'2019-12-12 15:49:49'),
(2,	'arsya',	'Arysanendra Danantya Reyswara',	'chandrayana_paq@yahoo.com',	NULL,	NULL,	NULL,	NULL,	'$2y$10$L2LZllaDbHuCM.oRhHcsKeHIJQzbK6OKoL89x/lziM5gxGUkSrfze',	NULL,	1,	'2019-12-12 15:51:01',	'2019-10-19 09:15:36',	'2019-12-12 15:51:01'),
(3,	'miko',	'Miko and Mini',	'miko@admin.com',	NULL,	NULL,	NULL,	NULL,	'$2y$10$94YJ0bDKR0OK6TE0F1wx0.MG6oBIVRwlKF7KAvrBTI3KChFrlV6pq',	NULL,	1,	'2019-11-13 00:03:25',	'2019-10-21 07:43:39',	'2019-11-13 00:03:25');

-- 2019-12-12 23:58:31
